{
  "hisTimetable": [
    {
      "head": [
        {
          "list_total_count": 34
        },
        {
          "RESULT": {
            "CODE": "INFO-000",
            "MESSAGE": "정상 처리되었습니다."
          }
        }
      ]
    },
    {
      "row": [
        {
          "ATPT_OFCDC_SC_CODE": "J10",
          "ATPT_OFCDC_SC_NM": "경기도교육청",
          "SD_SCHUL_CODE": "7530072",
          "SCHUL_NM": "부천북고등학교",
          "AY": "2021",
          "SEM": "1",
          "ALL_TI_YMD": "20210705",
          "DGHT_CRSE_SC_NM": "주간",
          "ORD_SC_NM": "일반계",
          "DDDEP_NM": "7차일반",
          "GRADE": "3",
          "CLRM_NM": "10",
          "CLASS_NM": "10",
          "PERIO": "1",
          "ITRT_CNTNT": "일본어Ⅱ",
          "LOAD_DTM": "20210711"
        },
        {
          "ATPT_OFCDC_SC_CODE": "J10",
          "ATPT_OFCDC_SC_NM": "경기도교육청",
          "SD_SCHUL_CODE": "7530072",
          "SCHUL_NM": "부천북고등학교",
          "AY": "2021",
          "SEM": "1",
          "ALL_TI_YMD": "20210705",
          "DGHT_CRSE_SC_NM": "주간",
          "ORD_SC_NM": "일반계",
          "DDDEP_NM": "7차일반",
          "GRADE": "3",
          "CLRM_NM": "10",
          "CLASS_NM": "10",
          "PERIO": "2",
          "ITRT_CNTNT": "스포츠 생활",
          "LOAD_DTM": "20210711"
        },
        {
          "ATPT_OFCDC_SC_CODE": "J10",
          "ATPT_OFCDC_SC_NM": "경기도교육청",
          "SD_SCHUL_CODE": "7530072",
          "SCHUL_NM": "부천북고등학교",
          "AY": "2021",
          "SEM": "1",
          "ALL_TI_YMD": "20210705",
          "DGHT_CRSE_SC_NM": "주간",
          "ORD_SC_NM": "일반계",
          "DDDEP_NM": "7차일반",
          "GRADE": "3",
          "CLRM_NM": "10",
          "CLASS_NM": "10",
          "PERIO": "3",
          "ITRT_CNTNT": "물리학Ⅱ",
          "LOAD_DTM": "20210711"
        },
        {
          "ATPT_OFCDC_SC_CODE": "J10",
          "ATPT_OFCDC_SC_NM": "경기도교육청",
          "SD_SCHUL_CODE": "7530072",
          "SCHUL_NM": "부천북고등학교",
          "AY": "2021",
          "SEM": "1",
          "ALL_TI_YMD": "20210705",
          "DGHT_CRSE_SC_NM": "주간",
          "ORD_SC_NM": "일반계",
          "DDDEP_NM": "7차일반",
          "GRADE": "3",
          "CLRM_NM": "10",
          "CLASS_NM": "10",
          "PERIO": "4",
          "ITRT_CNTNT": "융합과학",
          "LOAD_DTM": "20210711"
        },
        {
          "ATPT_OFCDC_SC_CODE": "J10",
          "ATPT_OFCDC_SC_NM": "경기도교육청",
          "SD_SCHUL_CODE": "7530072",
          "SCHUL_NM": "부천북고등학교",
          "AY": "2021",
          "SEM": "1",
          "ALL_TI_YMD": "20210705",
          "DGHT_CRSE_SC_NM": "주간",
          "ORD_SC_NM": "일반계",
          "DDDEP_NM": "7차일반",
          "GRADE": "3",
          "CLRM_NM": "10",
          "CLASS_NM": "10",
          "PERIO": "5",
          "ITRT_CNTNT": "진로활동",
          "LOAD_DTM": "20210711"
        },
        {
          "ATPT_OFCDC_SC_CODE": "J10",
          "ATPT_OFCDC_SC_NM": "경기도교육청",
          "SD_SCHUL_CODE": "7530072",
          "SCHUL_NM": "부천북고등학교",
          "AY": "2021",
          "SEM": "1",
          "ALL_TI_YMD": "20210705",
          "DGHT_CRSE_SC_NM": "주간",
          "ORD_SC_NM": "일반계",
          "DDDEP_NM": "7차일반",
          "GRADE": "3",
          "CLRM_NM": "10",
          "CLASS_NM": "10",
          "PERIO": "6",
          "ITRT_CNTNT": "영어 독해와 작문",
          "LOAD_DTM": "20210711"
        },
        {
          "ATPT_OFCDC_SC_CODE": "J10",
          "ATPT_OFCDC_SC_NM": "경기도교육청",
          "SD_SCHUL_CODE": "7530072",
          "SCHUL_NM": "부천북고등학교",
          "AY": "2021",
          "SEM": "1",
          "ALL_TI_YMD": "20210705",
          "DGHT_CRSE_SC_NM": "주간",
          "ORD_SC_NM": "일반계",
          "DDDEP_NM": "7차일반",
          "GRADE": "3",
          "CLRM_NM": "10",
          "CLASS_NM": "10",
          "PERIO": "7",
          "ITRT_CNTNT": "화법과 작문",
          "LOAD_DTM": "20210711"
        },
        {
          "ATPT_OFCDC_SC_CODE": "J10",
          "ATPT_OFCDC_SC_NM": "경기도교육청",
          "SD_SCHUL_CODE": "7530072",
          "SCHUL_NM": "부천북고등학교",
          "AY": "2021",
          "SEM": "1",
          "ALL_TI_YMD": "20210706",
          "DGHT_CRSE_SC_NM": "주간",
          "ORD_SC_NM": "일반계",
          "DDDEP_NM": "7차일반",
          "GRADE": "3",
          "CLRM_NM": "10",
          "CLASS_NM": "10",
          "PERIO": "1",
          "ITRT_CNTNT": "화법과 작문",
          "LOAD_DTM": "20210711"
        },
        {
          "ATPT_OFCDC_SC_CODE": "J10",
          "ATPT_OFCDC_SC_NM": "경기도교육청",
          "SD_SCHUL_CODE": "7530072",
          "SCHUL_NM": "부천북고등학교",
          "AY": "2021",
          "SEM": "1",
          "ALL_TI_YMD": "20210706",
          "DGHT_CRSE_SC_NM": "주간",
          "ORD_SC_NM": "일반계",
          "DDDEP_NM": "7차일반",
          "GRADE": "3",
          "CLRM_NM": "10",
          "CLASS_NM": "10",
          "PERIO": "2",
          "ITRT_CNTNT": "물리학Ⅱ",
          "LOAD_DTM": "20210711"
        },
        {
          "ATPT_OFCDC_SC_CODE": "J10",
          "ATPT_OFCDC_SC_NM": "경기도교육청",
          "SD_SCHUL_CODE": "7530072",
          "SCHUL_NM": "부천북고등학교",
          "AY": "2021",
          "SEM": "1",
          "ALL_TI_YMD": "20210706",
          "DGHT_CRSE_SC_NM": "주간",
          "ORD_SC_NM": "일반계",
          "DDDEP_NM": "7차일반",
          "GRADE": "3",
          "CLRM_NM": "10",
          "CLASS_NM": "10",
          "PERIO": "3",
          "ITRT_CNTNT": "생명과학Ⅱ",
          "LOAD_DTM": "20210711"
        },
        {
          "ATPT_OFCDC_SC_CODE": "J10",
          "ATPT_OFCDC_SC_NM": "경기도교육청",
          "SD_SCHUL_CODE": "7530072",
          "SCHUL_NM": "부천북고등학교",
          "AY": "2021",
          "SEM": "1",
          "ALL_TI_YMD": "20210706",
          "DGHT_CRSE_SC_NM": "주간",
          "ORD_SC_NM": "일반계",
          "DDDEP_NM": "7차일반",
          "GRADE": "3",
          "CLRM_NM": "10",
          "CLASS_NM": "10",
          "PERIO": "4",
          "ITRT_CNTNT": "미적분",
          "LOAD_DTM": "20210711"
        },
        {
          "ATPT_OFCDC_SC_CODE": "J10",
          "ATPT_OFCDC_SC_NM": "경기도교육청",
          "SD_SCHUL_CODE": "7530072",
          "SCHUL_NM": "부천북고등학교",
          "AY": "2021",
          "SEM": "1",
          "ALL_TI_YMD": "20210706",
          "DGHT_CRSE_SC_NM": "주간",
          "ORD_SC_NM": "일반계",
          "DDDEP_NM": "7차일반",
          "GRADE": "3",
          "CLRM_NM": "10",
          "CLASS_NM": "10",
          "PERIO": "5",
          "ITRT_CNTNT": "영어 독해와 작문",
          "LOAD_DTM": "20210711"
        },
        {
          "ATPT_OFCDC_SC_CODE": "J10",
          "ATPT_OFCDC_SC_NM": "경기도교육청",
          "SD_SCHUL_CODE": "7530072",
          "SCHUL_NM": "부천북고등학교",
          "AY": "2021",
          "SEM": "1",
          "ALL_TI_YMD": "20210706",
          "DGHT_CRSE_SC_NM": "주간",
          "ORD_SC_NM": "일반계",
          "DDDEP_NM": "7차일반",
          "GRADE": "3",
          "CLRM_NM": "10",
          "CLASS_NM": "10",
          "PERIO": "6",
          "ITRT_CNTNT": "음악 감상과 비평",
          "LOAD_DTM": "20210711"
        },
        {
          "ATPT_OFCDC_SC_CODE": "J10",
          "ATPT_OFCDC_SC_NM": "경기도교육청",
          "SD_SCHUL_CODE": "7530072",
          "SCHUL_NM": "부천북고등학교",
          "AY": "2021",
          "SEM": "1",
          "ALL_TI_YMD": "20210706",
          "DGHT_CRSE_SC_NM": "주간",
          "ORD_SC_NM": "일반계",
          "DDDEP_NM": "7차일반",
          "GRADE": "3",
          "CLRM_NM": "10",
          "CLASS_NM": "10",
          "PERIO": "7",
          "ITRT_CNTNT": "음악 감상과 비평",
          "LOAD_DTM": "20210711"
        },
        {
          "ATPT_OFCDC_SC_CODE": "J10",
          "ATPT_OFCDC_SC_NM": "경기도교육청",
          "SD_SCHUL_CODE": "7530072",
          "SCHUL_NM": "부천북고등학교",
          "AY": "2021",
          "SEM": "1",
          "ALL_TI_YMD": "20210707",
          "DGHT_CRSE_SC_NM": "주간",
          "ORD_SC_NM": "일반계",
          "DDDEP_NM": "7차일반",
          "GRADE": "3",
          "CLRM_NM": "10",
          "CLASS_NM": "10",
          "PERIO": "1",
          "ITRT_CNTNT": "기하",
          "LOAD_DTM": "20210711"
        },
        {
          "ATPT_OFCDC_SC_CODE": "J10",
          "ATPT_OFCDC_SC_NM": "경기도교육청",
          "SD_SCHUL_CODE": "7530072",
          "SCHUL_NM": "부천북고등학교",
          "AY": "2021",
          "SEM": "1",
          "ALL_TI_YMD": "20210707",
          "DGHT_CRSE_SC_NM": "주간",
          "ORD_SC_NM": "일반계",
          "DDDEP_NM": "7차일반",
          "GRADE": "3",
          "CLRM_NM": "10",
          "CLASS_NM": "10",
          "PERIO": "2",
          "ITRT_CNTNT": "사회문제 탐구",
          "LOAD_DTM": "20210711"
        },
        {
          "ATPT_OFCDC_SC_CODE": "J10",
          "ATPT_OFCDC_SC_NM": "경기도교육청",
          "SD_SCHUL_CODE": "7530072",
          "SCHUL_NM": "부천북고등학교",
          "AY": "2021",
          "SEM": "1",
          "ALL_TI_YMD": "20210707",
          "DGHT_CRSE_SC_NM": "주간",
          "ORD_SC_NM": "일반계",
          "DDDEP_NM": "7차일반",
          "GRADE": "3",
          "CLRM_NM": "10",
          "CLASS_NM": "10",
          "PERIO": "3",
          "ITRT_CNTNT": "스포츠 생활",
          "LOAD_DTM": "20210711"
        },
        {
          "ATPT_OFCDC_SC_CODE": "J10",
          "ATPT_OFCDC_SC_NM": "경기도교육청",
          "SD_SCHUL_CODE": "7530072",
          "SCHUL_NM": "부천북고등학교",
          "AY": "2021",
          "SEM": "1",
          "ALL_TI_YMD": "20210707",
          "DGHT_CRSE_SC_NM": "주간",
          "ORD_SC_NM": "일반계",
          "DDDEP_NM": "7차일반",
          "GRADE": "3",
          "CLRM_NM": "10",
          "CLASS_NM": "10",
          "PERIO": "4",
          "ITRT_CNTNT": "생명과학Ⅱ",
          "LOAD_DTM": "20210711"
        },
        {
          "ATPT_OFCDC_SC_CODE": "J10",
          "ATPT_OFCDC_SC_NM": "경기도교육청",
          "SD_SCHUL_CODE": "7530072",
          "SCHUL_NM": "부천북고등학교",
          "AY": "2021",
          "SEM": "1",
          "ALL_TI_YMD": "20210707",
          "DGHT_CRSE_SC_NM": "주간",
          "ORD_SC_NM": "일반계",
          "DDDEP_NM": "7차일반",
          "GRADE": "3",
          "CLRM_NM": "10",
          "CLASS_NM": "10",
          "PERIO": "5",
          "ITRT_CNTNT": "영어 독해와 작문",
          "LOAD_DTM": "20210711"
        },
        {
          "ATPT_OFCDC_SC_CODE": "J10",
          "ATPT_OFCDC_SC_NM": "경기도교육청",
          "SD_SCHUL_CODE": "7530072",
          "SCHUL_NM": "부천북고등학교",
          "AY": "2021",
          "SEM": "1",
          "ALL_TI_YMD": "20210707",
          "DGHT_CRSE_SC_NM": "주간",
          "ORD_SC_NM": "일반계",
          "DDDEP_NM": "7차일반",
          "GRADE": "3",
          "CLRM_NM": "10",
          "CLASS_NM": "10",
          "PERIO": "6",
          "ITRT_CNTNT": "융합과학",
          "LOAD_DTM": "20210711"
        },
        {
          "ATPT_OFCDC_SC_CODE": "J10",
          "ATPT_OFCDC_SC_NM": "경기도교육청",
          "SD_SCHUL_CODE": "7530072",
          "SCHUL_NM": "부천북고등학교",
          "AY": "2021",
          "SEM": "1",
          "ALL_TI_YMD": "20210708",
          "DGHT_CRSE_SC_NM": "주간",
          "ORD_SC_NM": "일반계",
          "DDDEP_NM": "7차일반",
          "GRADE": "3",
          "CLRM_NM": "10",
          "CLASS_NM": "10",
          "PERIO": "1",
          "ITRT_CNTNT": "물리학Ⅱ",
          "LOAD_DTM": "20210711"
        },
        {
          "ATPT_OFCDC_SC_CODE": "J10",
          "ATPT_OFCDC_SC_NM": "경기도교육청",
          "SD_SCHUL_CODE": "7530072",
          "SCHUL_NM": "부천북고등학교",
          "AY": "2021",
          "SEM": "1",
          "ALL_TI_YMD": "20210708",
          "DGHT_CRSE_SC_NM": "주간",
          "ORD_SC_NM": "일반계",
          "DDDEP_NM": "7차일반",
          "GRADE": "3",
          "CLRM_NM": "10",
          "CLASS_NM": "10",
          "PERIO": "2",
          "ITRT_CNTNT": "기하",
          "LOAD_DTM": "20210711"
        },
        {
          "ATPT_OFCDC_SC_CODE": "J10",
          "ATPT_OFCDC_SC_NM": "경기도교육청",
          "SD_SCHUL_CODE": "7530072",
          "SCHUL_NM": "부천북고등학교",
          "AY": "2021",
          "SEM": "1",
          "ALL_TI_YMD": "20210708",
          "DGHT_CRSE_SC_NM": "주간",
          "ORD_SC_NM": "일반계",
          "DDDEP_NM": "7차일반",
          "GRADE": "3",
          "CLRM_NM": "10",
          "CLASS_NM": "10",
          "PERIO": "3",
          "ITRT_CNTNT": "미적분",
          "LOAD_DTM": "20210711"
        },
        {
          "ATPT_OFCDC_SC_CODE": "J10",
          "ATPT_OFCDC_SC_NM": "경기도교육청",
          "SD_SCHUL_CODE": "7530072",
          "SCHUL_NM": "부천북고등학교",
          "AY": "2021",
          "SEM": "1",
          "ALL_TI_YMD": "20210708",
          "DGHT_CRSE_SC_NM": "주간",
          "ORD_SC_NM": "일반계",
          "DDDEP_NM": "7차일반",
          "GRADE": "3",
          "CLRM_NM": "10",
          "CLASS_NM": "10",
          "PERIO": "4",
          "ITRT_CNTNT": "화법과 작문",
          "LOAD_DTM": "20210711"
        },
        {
          "ATPT_OFCDC_SC_CODE": "J10",
          "ATPT_OFCDC_SC_NM": "경기도교육청",
          "SD_SCHUL_CODE": "7530072",
          "SCHUL_NM": "부천북고등학교",
          "AY": "2021",
          "SEM": "1",
          "ALL_TI_YMD": "20210708",
          "DGHT_CRSE_SC_NM": "주간",
          "ORD_SC_NM": "일반계",
          "DDDEP_NM": "7차일반",
          "GRADE": "3",
          "CLRM_NM": "10",
          "CLASS_NM": "10",
          "PERIO": "5",
          "ITRT_CNTNT": "동아리활동",
          "LOAD_DTM": "20210711"
        },
        {
          "ATPT_OFCDC_SC_CODE": "J10",
          "ATPT_OFCDC_SC_NM": "경기도교육청",
          "SD_SCHUL_CODE": "7530072",
          "SCHUL_NM": "부천북고등학교",
          "AY": "2021",
          "SEM": "1",
          "ALL_TI_YMD": "20210708",
          "DGHT_CRSE_SC_NM": "주간",
          "ORD_SC_NM": "일반계",
          "DDDEP_NM": "7차일반",
          "GRADE": "3",
          "CLRM_NM": "10",
          "CLASS_NM": "10",
          "PERIO": "6",
          "ITRT_CNTNT": "동아리활동",
          "LOAD_DTM": "20210711"
        },
        {
          "ATPT_OFCDC_SC_CODE": "J10",
          "ATPT_OFCDC_SC_NM": "경기도교육청",
          "SD_SCHUL_CODE": "7530072",
          "SCHUL_NM": "부천북고등학교",
          "AY": "2021",
          "SEM": "1",
          "ALL_TI_YMD": "20210708",
          "DGHT_CRSE_SC_NM": "주간",
          "ORD_SC_NM": "일반계",
          "DDDEP_NM": "7차일반",
          "GRADE": "3",
          "CLRM_NM": "10",
          "CLASS_NM": "10",
          "PERIO": "7",
          "ITRT_CNTNT": "동아리활동",
          "LOAD_DTM": "20210711"
        },
        {
          "ATPT_OFCDC_SC_CODE": "J10",
          "ATPT_OFCDC_SC_NM": "경기도교육청",
          "SD_SCHUL_CODE": "7530072",
          "SCHUL_NM": "부천북고등학교",
          "AY": "2021",
          "SEM": "1",
          "ALL_TI_YMD": "20210709",
          "DGHT_CRSE_SC_NM": "주간",
          "ORD_SC_NM": "일반계",
          "DDDEP_NM": "7차일반",
          "GRADE": "3",
          "CLRM_NM": "10",
          "CLASS_NM": "10",
          "PERIO": "1",
          "ITRT_CNTNT": "프로그래밍",
          "LOAD_DTM": "20210711"
        },
        {
          "ATPT_OFCDC_SC_CODE": "J10",
          "ATPT_OFCDC_SC_NM": "경기도교육청",
          "SD_SCHUL_CODE": "7530072",
          "SCHUL_NM": "부천북고등학교",
          "AY": "2021",
          "SEM": "1",
          "ALL_TI_YMD": "20210709",
          "DGHT_CRSE_SC_NM": "주간",
          "ORD_SC_NM": "일반계",
          "DDDEP_NM": "7차일반",
          "GRADE": "3",
          "CLRM_NM": "10",
          "CLASS_NM": "10",
          "PERIO": "2",
          "ITRT_CNTNT": "일본어Ⅱ",
          "LOAD_DTM": "20210711"
        },
        {
          "ATPT_OFCDC_SC_CODE": "J10",
          "ATPT_OFCDC_SC_NM": "경기도교육청",
          "SD_SCHUL_CODE": "7530072",
          "SCHUL_NM": "부천북고등학교",
          "AY": "2021",
          "SEM": "1",
          "ALL_TI_YMD": "20210709",
          "DGHT_CRSE_SC_NM": "주간",
          "ORD_SC_NM": "일반계",
          "DDDEP_NM": "7차일반",
          "GRADE": "3",
          "CLRM_NM": "10",
          "CLASS_NM": "10",
          "PERIO": "3",
          "ITRT_CNTNT": "화법과 작문",
          "LOAD_DTM": "20210711"
        },
        {
          "ATPT_OFCDC_SC_CODE": "J10",
          "ATPT_OFCDC_SC_NM": "경기도교육청",
          "SD_SCHUL_CODE": "7530072",
          "SCHUL_NM": "부천북고등학교",
          "AY": "2021",
          "SEM": "1",
          "ALL_TI_YMD": "20210709",
          "DGHT_CRSE_SC_NM": "주간",
          "ORD_SC_NM": "일반계",
          "DDDEP_NM": "7차일반",
          "GRADE": "3",
          "CLRM_NM": "10",
          "CLASS_NM": "10",
          "PERIO": "4",
          "ITRT_CNTNT": "미적분",
          "LOAD_DTM": "20210711"
        },
        {
          "ATPT_OFCDC_SC_CODE": "J10",
          "ATPT_OFCDC_SC_NM": "경기도교육청",
          "SD_SCHUL_CODE": "7530072",
          "SCHUL_NM": "부천북고등학교",
          "AY": "2021",
          "SEM": "1",
          "ALL_TI_YMD": "20210709",
          "DGHT_CRSE_SC_NM": "주간",
          "ORD_SC_NM": "일반계",
          "DDDEP_NM": "7차일반",
          "GRADE": "3",
          "CLRM_NM": "10",
          "CLASS_NM": "10",
          "PERIO": "5",
          "ITRT_CNTNT": "생명과학Ⅱ",
          "LOAD_DTM": "20210711"
        },
        {
          "ATPT_OFCDC_SC_CODE": "J10",
          "ATPT_OFCDC_SC_NM": "경기도교육청",
          "SD_SCHUL_CODE": "7530072",
          "SCHUL_NM": "부천북고등학교",
          "AY": "2021",
          "SEM": "1",
          "ALL_TI_YMD": "20210709",
          "DGHT_CRSE_SC_NM": "주간",
          "ORD_SC_NM": "일반계",
          "DDDEP_NM": "7차일반",
          "GRADE": "3",
          "CLRM_NM": "10",
          "CLASS_NM": "10",
          "PERIO": "6",
          "ITRT_CNTNT": "영어 독해와 작문",
          "LOAD_DTM": "20210711"
        },
        {
          "ATPT_OFCDC_SC_CODE": "J10",
          "ATPT_OFCDC_SC_NM": "경기도교육청",
          "SD_SCHUL_CODE": "7530072",
          "SCHUL_NM": "부천북고등학교",
          "AY": "2021",
          "SEM": "1",
          "ALL_TI_YMD": "20210709",
          "DGHT_CRSE_SC_NM": "주간",
          "ORD_SC_NM": "일반계",
          "DDDEP_NM": "7차일반",
          "GRADE": "3",
          "CLRM_NM": "10",
          "CLASS_NM": "10",
          "PERIO": "7",
          "ITRT_CNTNT": "사회문제 탐구",
          "LOAD_DTM": "20210711"
        }
      ]
    }
  ]
}