[
  {
    "date": "1",
    "lunch": [
      "현미차조밥",
      "건새우아욱국",
      "수육",
      "양배추찜/땅콩쌈장",
      "보쌈김치",
      "참외(고)"
    ]
  },
  {
    "date": "2",
    "lunch": ["로제스파게티", "콤비네이션피자", "망고샐러드&파인드레싱", "생오이피클", "사과주스"]
  },
  {
    "date": "3",
    "lunch": [
      "현미흑미밥",
      "유부된장국",
      "치즈불닭",
      "실파부추전",
      "배추김치",
      "파인애플"
    ]
  },
  {
    "date": "4",
    "lunch": [
      "삼색떡국",
      "돼지고추장불고기",
      "채소달걀찜",
      "총각김치",
      "미숫가루",
      "혼합잡곡밥"
    ]
  },
  {
    "date": "5",
    "lunch": []
  },
  {
    "date": "6",
    "lunch": []
  },
  {
    "date": "7",
    "lunch": [
      "카레라이스",
      "치킨퀘사디아",
      "열대과일샐러드",
      "배추김치",
      "엔요요구르트"
    ]
  },
  {
    "date": "8",
    "lunch": [
      "현미기장밥",
      "매운돼지갈비찜",
      "도토리묵무침",
      "깍두기",
      "바나나(고)",
      "맑은콩나물국"
    ]
  },
  {
    "date": "9",
    "lunch": [
      "니모어묵국",
      "닭꼬치",
      "요거트과일샐러드",
      "깍두기",
      "식혜",
      "추억의도시락비빔밥"
    ]
  },
  {
    "date": "10",
    "lunch": [
      "현미찹쌀밥",
      "순대국",
      "연어스테이크",
      "베이컨스크램블에그",
      "석박지",
      "배"
    ]
  },
  {
    "date": "11",
    "lunch": [
      "현미서리태밥",
      "돼지고기버섯불고기",
      "깍두기",
      "된장찌개",
      "쫄면채소무침",
      "블루베리크로플"
    ]
  },
  {
    "date": "12",
    "lunch": []
  },
  {
    "date": "13",
    "lunch": []
  },
  {
    "date": "14",
    "lunch": [
      "현미차조밥",
      "들기름미역국",
      "춘천식닭갈비",
      "메밀막국수",
      "백김치",
      "요거트드링크"
    ]
  },
  {
    "date": "15",
    "lunch": [
      "혼합잡곡밥",
      "김치두부국",
      "언양식바싹불고기&파채",
      "청포묵김가루무침",
      "깍두기",
      "아이스망고"
    ]
  },
  {
    "date": "16",
    "lunch": [
      "칼슘강화찹쌀밥",
      "근대된장국",
      "치즈돈까스&소스",
      "단호박샐러드",
      "배추김치",
      "수제우유빙수"
    ]
  },
  {
    "date": "17",
    "lunch": [
      "오징어채소볶음",
      "버섯김치전",
      "깍두기",
      "사과",
      "설렁탕(북)",
      "병아리콩밥"
    ]
  },
  {
    "date": "18",
    "lunch": [
      "현미찹쌀밥",
      "육개장",
      "훈제오리&야채무침",
      "연두부&양념장",
      "깍두기",
      "포도쥬스"
    ]
  },
  {
    "date": "19",
    "lunch": []
  },
  {
    "date": "20",
    "lunch": []
  },
  {
    "date": "21",
    "lunch": [
      "산채비빔밥",
      "쇠고기무국",
      "통살치킨꼬치",
      "약고추장",
      "열무김치",
      "수리취꿀떡"
    ]
  },
  {
    "date": "22",
    "lunch": [
      "칼슘강화찹쌀밥",
      "들깨순두부찌개",
      "김치제육볶음",
      "알감자버터구이",
      "깍두기",
      "멜론"
    ]
  },
  {
    "date": "23",
    "lunch": [
      "현미기장밥",
      "짬뽕국",
      "자장떡볶이",
      "수제야채튀김",
      "배추김치",
      "저당요구르트"
    ]
  },
  {
    "date": "24",
    "lunch": [
      "현미흑미밥",
      "돈육김치찌개",
      "자반고등어구이",
      "꽃맛살메추리알샐러드",
      "깍두기",
      "초코아이스크림"
    ]
  },
  {
    "date": "25",
    "lunch": [
      "현미보리밥",
      "닭곰탕",
      "순대채소볶음",
      "브로콜리 감자전",
      "깍두기",
      "수박"
    ]
  },
  {
    "date": "26",
    "lunch": []
  },
  {
    "date": "27",
    "lunch": []
  },
  {
    "date": "28",
    "lunch": [
      "갈비만두",
      "오이부추무침",
      "배추김치",
      "푸딩",
      "물냉면",
      "토핑유부초밥"
    ]
  },
  {
    "date": "29",
    "lunch": [
      "스팸김치볶음밥",
      "맑은우동국물",
      "샐러드파스타",
      "치즈볼",
      "깍두기",
      "아이스홍시"
    ]
  },
  {
    "date": "30",
    "lunch": [
      "블랙번새우버거",
      "쇠고기채소죽",
      "양념감자튀김",
      "콘샐러드",
      "배추김치",
      "오렌지주스"
    ]
  },
  {
    "date": "31",
    "lunch": [
      "7월달 급식정보가 없습니다.\n\n업데이트 해주세요."
    ]
  }
]