{
  "timetable": [
    {
      "1교시": ["한국" , "과실" , "수학" , "체육" , "국어"],
      "2교시": ["국어" , "기가" , "통과" , "통과" , "수학"],
      "3교시": ["수학" , "통사" , "체육" , "영" , "음악"],
      "4교시": ["영" , "영" , "진로" , "국어" , "통사"],
      "5교시": ["통과" , "수학" , "기가" , "자율" , "영"],
      "6교시": ["통사" , "국어" , "통사" , "창체" , "한국"],
      "7교시": ["음악" , "한국" , "빈칸" , "창체" , "기가"]
    },
    {
      "1교시": ["국어" , "수학" , "국어" , "통과" , "기가"],
      "2교시": ["수학" , "통과" , "수학" , "체육" , "한국"],
      "3교시": ["체육" , "국어" , "기가" , "통사" , "통사"],
      "4교시": ["과실" , "음악" , "영" , "음악" , "수학"],
      "5교시": ["통사" , "기가" , "진로" , "자율" , "국어"],
      "6교시": ["영" , "영" , "한국" , "창체" , "통과"],
      "7교시": ["한국" , "통사" , "빈칸" , "창체" , "영"]
    },
    {
      "1교시": ["과실" , "진로" , "기가" , "수학" , "통사"],
      "2교시": ["통사" , "수학" , "통사" , "영" , "음악"],
      "3교시": ["영" , "기가" , "영" , "국어" , "체육"],
      "4교시": ["기가" , "통사" , "음악" , "통과" , "영"],
      "5교시": ["수학" , "체육" , "국어" , "자율" , "한국"],
      "6교시": ["한국" , "한국" , "통과" , "창체" , "수학"],
      "7교시": ["국어" , "국어" , "빈칸" , "창체" , "통과"]
    },
    {
      "1교시": ["통과" , "통사" , "체육" , "기가" , "영"],
      "2교시": ["기가" , "국어" , "국어" , "음악" , "기가"],
      "3교시": ["통사" , "진로" , "통사" , "영" , "국어"],
      "4교시": ["국어" , "영" , "수학" , "통과" , "체육"],
      "5교시": ["음악" , "과실" , "한국" , "자율" , "한국"],
      "6교시": ["수학" , "통과" , "영" , "창체" , "통사"],
      "7교시": ["한국" , "수학" , "빈칸" , "창체" , "수학"]
    },
    {
      "1교시": ["통사" , "수학" , "영" , "과실" , "국어"],
      "2교시": ["수학" , "음악" , "한국" , "한국" , "체육"],
      "3교시": ["통과" , "영" , "수학" , "진로" , "통과"],
      "4교시": ["한국" , "체육" , "통사" , "국어" , "기가"],
      "5교시": ["영" , "통사" , "국어" , "자율" , "수학"],
      "6교시": ["국어" , "기가" , "음악" , "창체" , "영"],
      "7교시": ["기가" , "통과" , "빈칸" , "창체" , "통사"]
    },
    {
      "1교시": ["국어" , "한국" , "국어" , "음악" , "영"],
      "2교시": ["한문" , "영" , "영" , "통과" , "통사"],
      "3교시": ["통사" , "과실" , "한국" , "한문" , "통과"],
      "4교시": ["체육" , "진로" , "통사" , "수학" , "국어"],
      "5교시": ["수학" , "통사" , "통과" , "자율" , "한문"],
      "6교시": ["음악" , "국어" , "체육" , "창체" , "수학"],
      "7교시": ["영" , "수학" , "빈칸" , "창체" , "한국"]
    },
    {
      "1교시": ["영" , "국어" , "통사" , "통과" , "한문"],
      "2교시": ["통과" , "통사" , "음악" , "국어" , "수학"],
      "3교시": ["수학" , "수학" , "과실" , "통사" , "영"],
      "4교시": ["음악" , "한국" , "수학" , "한국" , "진로"],
      "5교시": ["국어" , "영" , "한문" , "자율" , "체육"],
      "6교시": ["한국" , "체육" , "영" , "창체" , "국어"],
      "7교시": ["한문" , "통과" , "빈칸" , "창체" , "통사"]
    },
    {
      "1교시": ["통사" , "통과" , "과실" , "한문" , "한국"],
      "2교시": ["한국" , "한문" , "국어" , "영" , "국어"],
      "3교시": ["통과" , "한국" , "수학" , "음악" , "수학"],
      "4교시": ["국어" , "국어" , "영" , "수학" , "통과"],
      "5교시": ["한문" , "음악" , "체육" , "자율" , "통사"],
      "6교시": ["영" , "통사" , "통사" , "창체" , "영"],
      "7교시": ["체육" , "수학" , "빈칸" , "창체" , "진로"]
    },
    {
      "1교시": ["영" , "체육" , "한문" , "한국" , "음악"],
      "2교시": ["국어" , "통과" , "통사" , "수학" , "영"],
      "3교시": ["수학" , "국어" , "음악" , "체육" , "한국"],
      "4교시": ["진로" , "한문" , "국어" , "통과" , "수학"],
      "5교시": ["통과" , "영" , "수학" , "자율" , "국어"],
      "6교시": ["과실" , "한국" , "영" , "창체" , "통사"],
      "7교시": ["통사" , "통사" , "빈칸" , "창체" , "한문"]
    },
    {
      "1교시": ["음악" , "수Ⅱ" , "영Ⅱ" , "영Ⅱ" , "수Ⅱ"],
      "2교시": ["영Ⅱ" , "영Ⅱ" , "윤사" , "문학" , "운건"],
      "3교시": ["진로" , "일Ⅰ" , "문학" , "사문" , "영Ⅱ"],
      "4교시": ["윤사" , "문학" , "사문" , "한지" , "윤사"],
      "5교시": ["문학" , "운건" , "수Ⅱ" , "자율" , "사문"],
      "6교시": ["수Ⅱ" , "한지" , "확통" , "창체" , "일Ⅰ"],
      "7교시": ["한지" , "확통" , "빈칸" , "창체" , "문학"]
    },
    {
      "1교시": ["수Ⅱ" , "영Ⅱ" , "문학" , "운건" , "윤사"],
      "2교시": ["확통" , "확통" , "한지" , "사문" , "영Ⅱ"],
      "3교시": ["한지" , "중Ⅰ" , "수Ⅱ" , "문학" , "문학"],
      "4교시": ["한지" , "문학" , "영Ⅱ" , "영Ⅱ" , "음악"],
      "5교시": ["문학" , "수Ⅱ" , "진로" , "자율" , "운건"],
      "6교시": ["영Ⅱ" , "윤사" , "사문" , "창체" , "중Ⅰ"],
      "7교시": ["윤사" , "사문" , "빈칸" , "창체" , "수Ⅱ"]
    },
    {
      "1교시": ["확통" , "영Ⅱ" , "수Ⅱ" , "문학" , "사문"],
      "2교시": ["영Ⅱ" , "문학" , "국정" , "영Ⅱ" , "영Ⅱ"],
      "3교시": ["국정" , "음악" , "세계" , "확통" , "일Ⅰ"],
      "4교시": ["국정" , "수Ⅱ" , "문학" , "세계" , "문학"],
      "5교시": ["수Ⅱ" , "일Ⅰ" , "진로" , "자율" , "수Ⅱ"],
      "6교시": ["문학" , "사문" , "영Ⅱ" , "창체" , "세계"],
      "7교시": ["사문" , "운건" , "빈칸" , "창체" , "운건"]
    },
    {
      "1교시": ["영Ⅱ" , "한지" , "문학" , "문학" , "진로"],
      "2교시": ["국정" , "운건" , "사문" , "확통" , "한지"],
      "3교시": ["사문" , "영Ⅱ" , "국정" , "한지" , "중Ⅰ"],
      "4교시": ["사문" , "문학" , "국정" , "영Ⅱ" , "확통"],
      "5교시": ["운건" , "중Ⅰ" , "영Ⅱ" , "자율" , "수Ⅱ"],
      "6교시": ["수Ⅱ" , "수Ⅱ" , "수Ⅱ" , "창체" , "영Ⅱ"],
      "7교시": ["문학" , "음악" , "빈칸" , "창체" , "문학"]
    },
    {
      "1교시": ["사문" , "영Ⅱ" , "한지" , "문학" , "세계"],
      "2교시": ["문학" , "한지" , "진로" , "영Ⅱ" , "확통"],
      "3교시": ["음악" , "사문" , "수Ⅱ" , "수Ⅱ" , "일Ⅰ"],
      "4교시": ["수Ⅱ" , "수Ⅱ" , "문학" , "운건" , "한지"],
      "5교시": ["영Ⅱ" , "일Ⅰ" , "확통" , "자율" , "문학"],
      "6교시": ["운건" , "세계" , "영Ⅱ" , "창체" , "사문"],
      "7교시": ["세계" , "문학" , "빈칸" , "창체" , "영Ⅱ"]
    },
    {
      "1교시": ["일Ⅰ" , "확통" , "수Ⅱ" , "물리Ⅰ" , "운건"],
      "2교시": ["문학" , "수Ⅱ" , "화학Ⅰ" , "영Ⅱ" , "수Ⅱ"],
      "3교시": ["생과Ⅰ" , "생과Ⅰ" , "영Ⅱ" , "일Ⅰ" , "문학"],
      "4교시": ["물리Ⅰ" , "영Ⅱ" , "운건" , "문학" , "생과Ⅰ"],
      "5교시": ["영Ⅱ" , "물리Ⅰ" , "음악" , "자율" , "영Ⅱ"],
      "6교시": ["화학Ⅰ" , "문학" , "문학" , "창체" , "확통"],
      "7교시": ["수Ⅱ" , "진로" , "빈칸" , "창체" , "화학Ⅰ"]
    },
    {
      "1교시": ["일Ⅰ" , "물리Ⅰ" , "화학Ⅰ" , "영Ⅱ" , "진로"],
      "2교시": ["수Ⅱ" , "문학" , "운건" , "물리Ⅰ" , "문학"],
      "3교시": ["문학" , "운건" , "영Ⅱ" , "일Ⅰ" , "수Ⅱ"],
      "4교시": ["확통" , "영Ⅱ" , "생과Ⅰ" , "문학" , "영Ⅱ"],
      "5교시": ["화학Ⅰ" , "생과Ⅰ" , "수Ⅱ" , "자율" , "화학Ⅰ"],
      "6교시": ["영Ⅱ" , "확통" , "문학" , "창체" , "물리Ⅰ"],
      "7교시": ["생과Ⅰ" , "수Ⅱ" , "빈칸" , "창체" , "음악"]
    },
    {
      "1교시": ["중Ⅰ" , "음악" , "지Ⅰ" , "확통" , "영Ⅱ"],
      "2교시": ["영Ⅱ" , "문학" , "수Ⅱ" , "문학" , "화학Ⅰ"],
      "3교시": ["물리Ⅰ" , "물리Ⅰ" , "운건" , "중Ⅰ" , "수Ⅱ"],
      "4교시": ["문학" , "화학Ⅰ" , "영Ⅱ" , "영Ⅱ" , "물리Ⅰ"],
      "5교시": ["진로" , "지Ⅰ" , "문학" , "자율" , "문학"],
      "6교시": ["확통" , "수Ⅱ" , "화학Ⅰ" , "창체" , "지Ⅰ"],
      "7교시": ["수Ⅱ" , "영Ⅱ" , "빈칸" , "창체" , "운건"]
    },
    {
      "1교시": ["생과Ⅰ" , "화학Ⅰ" , "문학" , "영Ⅱ" , "문학"],
      "2교시": ["문학" , "진로" , "지Ⅰ" , "화학Ⅰ" , "생과Ⅰ"],
      "3교시": ["운건" , "수Ⅱ" , "영Ⅱ" , "수Ⅱ" , "운건"],
      "4교시": ["수Ⅱ" , "영Ⅱ" , "일Ⅰ" , "문학" , "수Ⅱ"],
      "5교시": ["영Ⅱ" , "확통" , "화학Ⅰ" , "자율" , "영Ⅱ"],
      "6교시": ["지Ⅰ" , "생과Ⅰ" , "확통" , "창체" , "음악"],
      "7교시": ["일Ⅰ" , "문학" , "빈칸" , "창체" , "지Ⅰ"]
    },
    {
      "1교시": ["사탐" , "융과" , "스생" , "정법" , "정법"],
      "2교시": ["경수" , "일Ⅱ" , "언매" , "미술2" , "경수"],
      "3교시": ["생윤" , "언매" , "회화" , "미술2" , "회화"],
      "4교시": ["고전" , "프로" , "일Ⅱ" , "경수" , "생윤"],
      "5교시": ["스생" , "고전" , "융과" , "자율" , "사탐"],
      "6교시": ["언매" , "회화" , "생윤" , "창체" , "언매"],
      "7교시": ["회화" , "정법" , "빈칸" , "창체" , "보강"]
    },
    {
      "1교시": ["프로" , "스생" , "회화" , "생윤" , "스생"],
      "2교시": ["언매" , "중Ⅱ" , "경수" , "융과" , "사탐"],
      "3교시": ["융과" , "회화" , "생윤" , "언매" , "고전A"],
      "4교시": ["경수" , "사탐" , "중Ⅱ" , "정법" , "언매"],
      "5교시": ["회화" , "미술" , "정법" , "자율" , "경수"],
      "6교시": ["정법" , "미술" , "고전B" , "창체" , "회화"],
      "7교시": ["생윤" , "언매" , "빈칸" , "창체" , "보강"]
    },
    {
      "1교시": ["언매" , "경수" , "경수" , "융과" , "생윤"],
      "2교시": ["미술" , "정법" , "언매" , "정법" , "사탐"],
      "3교시": ["미술" , "회화" , "일Ⅱ" , "언매" , "고전A"],
      "4교시": ["회화" , "사탐" , "회화" , "스생" , "언매"],
      "5교시": ["프로" , "생윤" , "생윤" , "자율" , "정법"],
      "6교시": ["경수" , "융과" , "고전B" , "창체" , "회화"],
      "7교시": ["일Ⅱ" , "스생" , "빈칸" , "창체" , "보강"]
    },
    {
      "1교시": ["생윤" , "미술2" , "회화" , "사탐" , "동아"],
      "2교시": ["스생" , "미술2" , "언매" , "회화" , "생윤"],
      "3교시": ["일Ⅱ" , "경수" , "프로" , "경수" , "고전A"],
      "4교시": ["동아" , "동아" , "스생" , "언매" , "회화"],
      "5교시": ["언매" , "언매" , "사탐" , "자율" , "융과"],
      "6교시": ["회화" , "생윤" , "고전B" , "창체" , "일Ⅱ"],
      "7교시": ["경수" , "융과" , "빈칸" , "창체" , "보강"]
    },
    {
      "1교시": ["언매" , "생윤" , "중Ⅱ" , "융과" , "경수"],
      "2교시": ["음비" , "회화" , "동아" , "스생" , "여행"],
      "3교시": ["음비" , "동아" , "회화" , "생윤" , "영미A"],
      "4교시": ["생윤" , "여행" , "경수" , "동아" , "회화"],
      "5교시": ["중Ⅱ" , "경수" , "언매" , "자율" , "프로"],
      "6교시": ["융과" , "스생" , "영미B" , "창체" , "언매"],
      "7교시": ["회화" , "언매" , "빈칸" , "창체" , "보강"]
    },
    {
      "1교시": ["경수" , "세지" , "일Ⅱ" , "언매" , "회화"],
      "2교시": ["고전" , "언매" , "생윤" , "융과" , "현대세"],
      "3교시": ["회화" , "생윤" , "언매" , "세지" , "경수"],
      "4교시": ["세지" , "현대세" , "융과" , "생윤" , "언매"],
      "5교시": ["일Ⅱ" , "고전" , "회화" , "자율" , "미술"],
      "6교시": ["프로" , "경수" , "스생" , "창체" , "미술"],
      "7교시": ["스생" , "회화" , "빈칸" , "창체" , "보강"]
    },
    {
      "1교시": ["회화" , "프로" , "일Ⅱ" , "기하" , "언매"],
      "2교시": ["융과" , "사탐" , "생과Ⅱ" , "언매" , "화학Ⅱ"],
      "3교시": ["미적" , "언매" , "융과" , "회화" , "생과Ⅱ"],
      "4교시": ["사탐" , "스생" , "회화" , "생과Ⅱ" , "스생"],
      "5교시": ["일Ⅱ" , "음비" , "미적" , "자율" , "미적"],
      "6교시": ["언매" , "음비" , "화학Ⅱ" , "창체" , "기하"],
      "7교시": ["화학Ⅱ" , "회화" , "빈칸" , "창체" , "보강"]
    },
    {
      "1교시": ["언매" , "언매" , "융과" , "사탐" , "언매"],
      "2교시": ["생과Ⅱ" , "프로" , "미술" , "언매" , "회화"],
      "3교시": ["회화" , "기하" , "미술" , "미적" , "지Ⅱ"],
      "4교시": ["스생" , "융과" , "생과Ⅱ" , "지Ⅱ" , "일Ⅱ"],
      "5교시": ["지Ⅱ" , "회화" , "사탐" , "자율" , "생과Ⅱ"],
      "6교시": ["기하" , "일Ⅱ" , "회화" , "창체" , "스생"],
      "7교시": ["미적" , "미적" , "빈칸" , "창체" , "보강"]
    },
    {
      "1교시": ["회화" , "미적" , "융과" , "여행" , "언매"],
      "2교시": ["기하" , "화학Ⅱ" , "회화" , "회화" , "지Ⅱ"],
      "3교시": ["화학Ⅱ" , "스생" , "미적" , "프로" , "융과"],
      "4교시": ["미적" , "회화" , "언매" , "화학Ⅱ" , "중Ⅱ"],
      "5교시": ["언매" , "기하" , "여행" , "자율" , "음비"],
      "6교시": ["스생" , "중Ⅱ" , "지Ⅱ" , "창체" , "음비"],
      "7교시": ["지Ⅱ" , "언매" , "빈칸" , "창체" , "보강"]
    },
    {
      "1교시": ["스생" , "회화" , "기하" , "사탐" , "미적"],
      "2교시": ["융과" , "스생" , "음비" , "미적" , "생과Ⅱ"],
      "3교시": ["프로" , "언매" , "음비" , "회화" , "물리Ⅱ"],
      "4교시": ["회화" , "미적" , "물리Ⅱ" , "언매" , "일Ⅱ"],
      "5교시": ["기하" , "융과" , "사탐" , "자율" , "회화"],
      "6교시": ["언매" , "일Ⅱ" , "생과Ⅱ" , "창체" , "언매"],
      "7교시": ["생과Ⅱ" , "물리Ⅱ" , "빈칸" , "창체" , "보강"]
    }
  ]
}
